ARC Albany Research Center (ARC), Albany, OR (United States)
AMES Ames Laboratory (AMES), Ames, IA (United States)
ANL Argonne National Laboratory (ANL), Argonne, IL (United States)
BAPL Bettis Atomic Power Laboratory (BAPL), West Mifflin, PA (United States)
BNL Brookhaven National Laboratory (BNL), Upton, NY (United States)
DRI	Desert Research Institute (DRI), Nevada System of Higher Education, Reno,NV (United States)
ETTP East Tennessee Technology Park (ETTP), Oak Ridge, TN (United States)
ETEC Energy Technology Engineering Center (ETEC), Canoga Park, CA (United States)
EML Environmental Measurements Laboratory (EML), New York, NY (United States)
FETC-MGN Federal Energy Technology Center-Morgantown (FETC-MGN), Morgantown, WV (United States)
FETC-PGH Federal Energy Technology Center-Pittsburgh (FETC-PGH), Pittsburgh, PA (United States)
FNAL Fermi National Accelerator Laboratory (FNAL), Batavia, IL (United States)
FEMP Fernald Environmental Management Project, Cincinnati, OH (United States)
HNF Hanford Site (HNF), Richland, WA (United States)
INEL Idaho National Engineering Laboratory (INEL), Idaho Falls, ID (United States)
INEEL Idaho National Engineering and Environmental Laboratory (INEEL), Idaho Falls, ID (United States)
INL Idaho National Laboratory (INL), Idaho Falls, ID (United States)
ITRI Inhalation Toxicology Research Institute (ITRI), Albuquerque, NM (United States)
ITLV International Technologies Corporation, Las Vegas, NV (United States)
KCP Kansas City Plant (KCP), Kansas City, MO (United States)
KAPL Knolls Atomic Power Laboratory (KAPL), Niskayuna, NY (United States)
LREH Laboratory of Radiobiology and Environmental Health (LREH), San Francisco, CA (United States)
LBNL Lawrence Berkeley National Laboratory (LBNL), Berkeley, CA (United States)
LLNL Lawrence Livermore National Laboratory (LLNL), Livermore, CA (United States)
LANL Los Alamos National Laboratory (LANL), Los Alamos, NM (United States)
MOUND Mound Plant (MOUND), Miamisburg, OH (United States)
NETL National Energy Technology Laboratory (NETL), Pittsburgh, PA, and Morgantown, WV (United States)
NIPER National Institute for Petroleum and Energy Research (NIPER), Bartlesville, OK (United States)
NPTO National Petroleum Technology Office (NPTO), Tulsa, OK (United States)
NREL National Renewable Energy Laboratory (NREL), Golden, CO (United States)
NNES Navarro Nevada Environmental Services (NNES), Las Vega, NV (United States)
N-I Navarro-Intera, LLC (N-I), Las Vegas, NV (United States)
NTS Nevada Test Site (NTS), Mercury, NV (United States)
NBL New Brunswick Laboratory (NBL), Argonne, IL (United States)
NDRL Notre Dame Radiation Laboratory (United States)
ORGDP Oak Ridge Gaseous Diffusion Plant (K-25), Oak Ridge, TN (United States)
ORISE Oak Ridge Institute for Science and Education (ORISE), Oak Ridge, TN (United States)
ORNL Oak Ridge National Laboratory (ORNL), Oak Ridge, TN (United States)
Y-12 Oak Ridge Y-12 Plant (Y-12), Oak Ridge, TN (United States)
PNNL Pacific Northwest National Laboratory (PNNL), Richland, WA (United States)
PADGDP Paducah Gaseous Diffusion Plant, Paducah, KY (United States)
PTX Pantex Plant (PTX), Amarillo, TX (United States)
PORTGDP Portsmouth Gaseous Diffusion Plant, Piketon, OH (United States)
PPPL Princeton Plasma Physics Laboratory (PPPL), Princeton, NJ (United States)
REHL Radiobiology & Environmental Health Laboratory (REHL) (United States)
RSL Remote Sensing Laboratory (RSL), Las Vegas, NV (United States)
RFP Rocky Flats Environmental Technology Site (RFP), Golden, CO (United States)
RMOTC Rocky Mountain Oilfield Testing Center (RMOTC), Casper, WY (United States)
SLAC SLAC National Accelerator Laboratory (SLAC), Menlo Park, CA (United States)
SNL-CA Sandia National Laboratories (SNL-CA), Livermore, CA (United States)
SNL-NM Sandia National Laboratories (SNL-NM), Albuquerque, NM (United States)
SREL Savannah River Ecology Laboratory (SREL), Aiken, SC (United States)
SRP Savannah River Plant (SRP), Aiken, SC (United States)
SRS Savannah River Site (SRS), Aiken, SC (United States)
SRTC Savannah River Technology Center (SRTC), Aiken, SC (United States)
STL Special Technologies Laboratory (STL), Santa Barbara, CA (United States)
S-N Stoller-Navarro Joint Venture (United States)
TJNAF Thomas Jefferson National Accelerator Facility (TJNAF), Newport News, VA (United States)
WIPP Waste Isolation Pilot Plant (WIPP), Carlsbad, NM (United States)